{"global_step": 157227, "_timestamp": 1637732601.203252, "train/weight_decay": 0.015822766348719597, "train/total_loss": 3.711613178253174, "train/contrast_loss": 0.010948198847472668, "train/contrast_acc": 0.17207030951976776, "train/contrast_entropy": 2.7752304077148438, "train/supervised_loss": 3.684842586517334, "train/supervised_acc": 0.0012939453590661287, "learning_rate": 0.0, "_runtime": 12620, "_step": 5031, "epochs": 4, "train_contrast_loss": 0.011011146008968353, "train_contrast_acc": 0.16926760971546173, "train_contrast_acc_entropy": 2.777662754058838}