{"global_step": 157282, "_timestamp": 1637732726.31172, "train/weight_decay": 0.015822766348719597, "train/total_loss": 3.7080159187316895, "train/contrast_loss": 0.011001702398061752, "train/contrast_acc": 0.1700781285762787, "train/contrast_entropy": 2.780212640762329, "train/supervised_loss": 3.6811914443969727, "train/supervised_acc": 0.0013085937825962901, "learning_rate": 0.0, "_runtime": 12745, "_step": 5086, "epochs": 4, "train_contrast_loss": 0.011011146008968353, "train_contrast_acc": 0.16926760971546173, "train_contrast_acc_entropy": 2.777662754058838}