{"global_step": 156934, "_timestamp": 1637731923.516815, "train/weight_decay": 0.01582260988652706, "train/total_loss": 3.7055718898773193, "train/contrast_loss": 0.01101295929402113, "train/contrast_acc": 0.16915379464626312, "train/contrast_entropy": 2.7788913249969482, "train/supervised_loss": 3.6787376403808594, "train/supervised_acc": 0.0011795557802543044, "learning_rate": 0.0, "_runtime": 11942, "_step": 4737, "epochs": 3, "train_contrast_loss": 0.010998480953276157, "train_contrast_acc": 0.17021310329437256, "train_contrast_acc_entropy": 2.778404474258423}